Job Title,Company,Location
Pyhton DeveloperNew,Sofnix(SMC-Private) Limited,Islamabad
Shopify Operations Specialist,GK Hair Professional,Islamabad
Social Media & Performance Marketing Manager,Cloud Mesh Solutions,Islamabad
Marketing Manager,AdvanzaTech Distribution,Islamabad I-10/Markaz
Senior Digital Marketing Specialist (SEM-Led | Client-Facing),TenTwenty Digital,Islamabad
Search Engine Optimization Specialist,Provox Global Solutions,Islamabad
Junior Developer,ContentStudio,Islamabad
Graphic Designer Intern (Paid Internship),Python Technologies,Islamabad
SQA,New Economy Technology Solutions,Islamabad
SQA,New Economy Technology Solutions,Islamabad
SEO Content Writer,"CabCall Experts (CCE), Rawalpindi",Islamabad
Full-Stack E-commerce Developer,Mau5tech,Islamabad I-8/4
Front End Engineer - Remote,EventMobi,Islamabad
Web Developer,Corda Digital,Rawalpindi
"90 days Internship in Software & Business Development (Mobile Apps, Web & Software)",Arfa Tech,Rawalpindi
CRM & Email Marketing Manager,Cloud Mesh Solutions,Islamabad
